"","mean","median","min","max","sd","group"
"1",9.06410256410256,5,1,44,9.35635035904984,"plants"
"2",6.20175438596491,3,1,44,8.49484989690803,"pollinators"
