"","mean","median","min","max","sd","group","assembly"
"1",5.78,3,1,28,6.0585241012737,"plants","early"
"2",8,4.5,1,37,7.9736407850129,"plants","late"
"3",4.44615384615385,2,1,27,5.13575325911025,"pollinators","early"
"4",5.0989010989011,3,1,36,6.6098494604726,"pollinators","late"
