"","mean","median","min","max","sd","group","assembly"
"1",5.78,3,1,28,6.0585241012737,"plants","early"
"2",8.71428571428571,4,1,38,8.54292495696155,"plants","late"
"3",4.44615384615385,2,1,27,5.13575325911025,"pollinators","early"
"4",5.43564356435644,2,1,38,7.26280364815704,"pollinators","late"
