"","mean","median","min","max","sd","group","assembly"
"1",29.0980392156863,9,1,272,55.6180743650698,"plants","early"
"2",51.9166666666667,10.5,1,757,115.418221348317,"plants","late"
"3",17.2558139534884,3,1,316,43.1362236331565,"pollinators","early"
"4",26.1764705882353,4,1,833,97.0868602063422,"pollinators","late"
