"","mean","median","min","max","sd","group"
"1",58.1351351351351,10.5,1,932,138.812115487611,"plants"
"2",40.9714285714286,6,1,1024,134.614939245731,"pollinators"
